{
  "project_info": {
    "project_number": "842630413180",
    "project_id": "pati-1c0a4",
    "storage_bucket": "pati-1c0a4.appspot.com"
  },
  "client": [
    {
      "client_info": {
        "mobilesdk_app_id": "1:842630413180:android:130765cc4e1dde948a02f9",
        "android_client_info": {
          "package_name": "com.mehmetali.pati"
        }
      },
      "oauth_client": [
        {
          "client_id": "842630413180-v0i28iq0k2a6jmnf1580iebs7qqaqq9g.apps.googleusercontent.com",
          "client_type": 1,
          "android_info": {
            "package_name": "com.mehmetali.pati",
            "certificate_hash": "2774d8bb2b693477d930fafd81af142bb723cf13"
          }
        },
        {
          "client_id": "842630413180-b08gsjeo2pqijl7orkdqvgf7dqglumkj.apps.googleusercontent.com",
          "client_type": 3
        }
      ],
      "api_key": [
        {
          "current_key": "AIzaSyCAiUaVDI-CONaon350AUcFmc5LH-tEmTk"
        }
      ],
      "services": {
        "appinvite_service": {
          "other_platform_oauth_client": [
            {
              "client_id": "842630413180-b08gsjeo2pqijl7orkdqvgf7dqglumkj.apps.googleusercontent.com",
              "client_type": 3
            }
          ]
        }
      },
      "admob_app_id": "ca-app-pub-6000700815188082~8174678347"
    }
  ],
  "configuration_version": "1"
}